0,1,60,11,99613118,1.477366223E9,25/10/2016,07:00:23,31.8639333,54.3317083,9.0,8,B,1.1,61.16666,65,99613577,1477366280,10/25/2016,7:01:20,31.8821883,54.3406683,2,39,7,1.8163043
1,2,60.0,11,99614281.0,1477366377.0,25/10/2016,07:02:57,31.874155,54.32894,21.0,36.0,B,4.0,69.01848000000001,,,,,,,,,,,
2,3,60.0,11,99614805.0,1477366452.0,25/10/2016,07:04:12,31.876071600000003,54.3321983,5.0,37.0,B,5.0,12.412844999999999,,,,,,,,,,,
3,4,60.0,11,99615213.0,1477366511.0,25/10/2016,07:05:11,31.878918300000002,54.335905000000004,19.0,38.0,B,6.0,32.587154,,,,,,,,,,,
4,5,60.0,11,99616136.0,1477366631.0,25/10/2016,07:07:11,31.8823266,54.340880000000006,14.0,39.0,B,7.0,26.858156,,,,,,,,,,,
5,6,60.0,11,99616711.0,1477366718.0,25/10/2016,07:08:38,31.8839783,54.34458829999999,6.0,40.0,B,8.0,8.965766,,,,,,,,,,,
6,7,60.0,11,99617451.0,1477366822.0,25/10/2016,07:10:22,31.884909999999998,54.3478,18.0,41.0,B,9.0,39.197037,,,,,,,,,,,
7,8,60.0,11,99617895.0,1477366882.0,25/10/2016,07:11:22,31.885965000000002,54.3512733,21.0,42.0,B,10.0,4.6409970000000005,,,,,,,,,,,
8,9,60.0,11,99618325.0,1477366942.0,25/10/2016,07:12:22,31.886795000000003,54.354451600000004,0.0,43.0,B,11.0,3.9808958,,,,,,,,,,,
9,10,60.0,11,99619144.0,1477367062.0,25/10/2016,07:14:22,31.8872433,54.357696600000004,6.0,44.0,B,12.0,1.6690164,,,,,,,,,,,
10,11,60.0,11,99619594.0,1477367122.0,25/10/2016,07:15:22,31.887536600000004,54.36115,2.0,45.0,B,13.0,11.201698,,,,,,,,,,,
11,12,60.0,11,99620015.0,1477367182.0,25/10/2016,07:16:22,31.887725,54.3633416,5.0,46.0,B,14.0,4.113250700000001,,,,,,,,,,,
12,13,60.0,11,99620604.0,1477367263.0,25/10/2016,07:17:43,31.8896683,54.36533000000001,5.0,47.0,B,15.0,27.535543,,,,,,,,,,,
13,14,60.0,11,99621174.0,1477367342.0,25/10/2016,07:19:02,31.893541600000002,54.3678416,5.0,48.0,B,16.0,12.408349000000001,,,,,,,,,,,
14,15,60.0,11,99622016.0,1477367462.0,25/10/2016,07:21:02,31.896906599999998,54.370143299999995,23.0,49.0,B,17.0,41.824127000000004,,,,,,,,,,,
15,16,60.0,11,99622552.0,1477367534.0,25/10/2016,07:22:14,31.8996066,54.372051600000006,7.0,50.0,B,18.0,9.968656,,,,,,,,,,,
16,17,60.0,11,99623815.0,1477367713.0,25/10/2016,07:25:13,31.90842,54.378041599999996,0.0,53.0,B,21.0,9.949583,,,,,,,,,,,
17,18,60.0,11,99624241.0,1477367773.0,25/10/2016,07:26:13,31.91157,54.380151600000005,33.0,54.0,B,22.0,88.40568499999999,,,,,,,,,,,
18,19,60.0,11,99624611.0,1477367827.0,25/10/2016,07:27:07,31.9139283,54.3818183,16.0,55.0,B,23.0,63.3369,,,,,,,,,,,
19,20,60.0,11,99627807.0,1477368281.0,25/10/2016,07:34:41,31.918486600000005,54.3844816,15.0,1.0,B,24.0,36.830490000000005,,,,,,,,,,,
20,21,60.0,11,99641015.0,1477370166.0,25/10/2016,08:06:06,31.863879999999998,54.33108829999999,0.0,8.0,B,1.0,2.522289,,,,,,,,,,,
21,22,60.0,11,99643561.0,1477370527.0,25/10/2016,08:12:07,31.874090000000002,54.328936600000006,22.0,36.0,B,4.0,63.854580000000006,,,,,,,,,,,
22,23,60.0,11,99645334.0,1477370785.0,25/10/2016,08:16:25,31.884165000000003,54.34498829999999,13.0,40.0,B,8.0,52.07313,,,,,,,,,,,
23,24,60.0,11,99645869.0,1477370860.0,25/10/2016,08:17:40,31.884931599999998,54.347361600000006,0.0,41.0,B,9.0,16.544916,,,,,,,,,,,
24,25,60.0,11,99646391.0,1477370931.0,25/10/2016,08:18:51,31.8860983,54.3514716,27.0,42.0,B,10.0,27.541315,,,,,,,,,,,
25,26,60.0,11,99646843.0,1477370991.0,25/10/2016,08:19:51,31.8868333,54.354425,0.0,43.0,B,11.0,8.86781,,,,,,,,,,,
26,27,60.0,11,99647757.0,1477371121.0,25/10/2016,08:22:01,31.887391600000004,54.357690000000005,0.0,44.0,B,12.0,17.555546,,,,,,,,,,,
27,28,60.0,11,99648439.0,1477371221.0,25/10/2016,08:23:41,31.8876983,54.361380000000004,11.0,45.0,B,13.0,18.592442000000002,,,,,,,,,,,
28,29,60.0,11,99648532.0,1477371234.0,25/10/2016,08:23:54,31.8877816,54.3623433,26.0,46.0,B,14.0,92.80757,,,,,,,,,,,
29,30,60.0,11,99649466.0,1477371368.0,25/10/2016,08:26:08,31.8895566,54.365141599999994,0.0,47.0,B,15.0,12.893775999999999,,,,,,,,,,,
30,31,60.0,11,99650065.0,1477371440.0,25/10/2016,08:27:20,31.893586600000003,54.367844999999996,1.0,48.0,B,16.0,14.988504,,,,,,,,,,,
31,32,60.0,11,99650668.0,1477371537.0,25/10/2016,08:28:57,31.896113300000003,54.3696833,28.0,49.0,B,17.0,57.18854,,,,,,,,,,,
32,33,60.0,11,99651498.0,1477371657.0,25/10/2016,08:30:57,31.9023916,54.373985,13.0,51.0,B,19.0,17.517004,,,,,,,,,,,
33,34,60.0,11,99651916.0,1477371718.0,25/10/2016,08:31:58,31.905395000000002,54.3759083,38.0,52.0,B,20.0,12.990549,,,,,,,,,,,
34,35,60.0,11,99652342.0,1477371777.0,25/10/2016,08:32:57,31.9085016,54.378035,0.0,53.0,B,21.0,7.3058705,,,,,,,,,,,
35,36,60.0,11,99652742.0,1477371837.0,25/10/2016,08:33:57,31.9116783,54.38016999999999,37.0,54.0,B,22.0,99.95097,,,,,,,,,,,
36,37,60.0,11,99653159.0,1477371897.0,25/10/2016,08:34:57,31.913536600000004,54.381451600000005,7.0,55.0,B,23.0,11.842872999999999,,,,,,,,,,,
37,38,60.0,11,99656126.0,1477372314.0,25/10/2016,08:41:54,31.9182516,54.38437,0.0,1.0,B,24.0,22.972545999999998,,,,,,,,,,,
38,39,60.0,11,99670733.0,1477374476.0,25/10/2016,09:17:56,31.863925,54.331086600000006,0.0,8.0,B,1.0,6.732767599999999,,,,,,,,,,,
39,40,60.0,11,99672706.0,1477374759.0,25/10/2016,09:22:39,31.874186600000005,54.3289833,27.0,36.0,B,4.0,69.31596,,,,,,,,,,,
40,41,60.0,11,99673035.0,1477374808.0,25/10/2016,09:23:28,31.87626,54.33219329999999,14.0,37.0,B,5.0,33.279959999999996,,,,,,,,,,,
41,42,60.0,11,99673620.0,1477374889.0,25/10/2016,09:24:49,31.879154999999997,54.336101600000006,6.0,38.0,B,6.0,10.721419000000001,,,,,,,,,,,
42,43,60.0,11,99674221.0,1477374973.0,25/10/2016,09:26:13,31.882634999999997,54.34146,20.0,39.0,B,7.0,91.364685,,,,,,,,,,,
43,44,60.0,11,99674593.0,1477375033.0,25/10/2016,09:27:13,31.884086600000003,54.3450566,17.0,40.0,B,8.0,54.79076,,,,,,,,,,,
44,45,60.0,11,99675104.0,1477375105.0,25/10/2016,09:28:25,31.885201600000002,54.348266599999995,23.0,41.0,B,9.0,93.01606,,,,,,,,,,,
45,46,60.0,11,99675474.0,1477375165.0,25/10/2016,09:29:25,31.8866266,54.3538583,29.0,43.0,B,11.0,59.295765,,,,,,,,,,,
46,47,60.0,11,99676129.0,1477375263.0,25/10/2016,09:31:03,31.887375,54.35710160000001,16.0,44.0,B,12.0,57.233326,,,,,,,,,,,
47,48,60.0,11,99676968.0,1477375383.0,25/10/2016,09:33:03,31.88761,54.3613866,6.0,45.0,B,13.0,12.696477999999999,,,,,,,,,,,
48,49,60.0,11,99677419.0,1477375443.0,25/10/2016,09:34:03,31.887790000000003,54.3634233,0.0,46.0,B,14.0,10.016314,,,,,,,,,,,
49,50,60.0,11,99678012.0,1477375530.0,25/10/2016,09:35:30,31.889611600000002,54.365140000000004,7.0,47.0,B,15.0,18.719772,,,,,,,,,,,
50,51,60.0,11,99678822.0,1477375646.0,25/10/2016,09:37:26,31.893733299999997,54.36796999999999,0.0,48.0,B,16.0,26.573996,,,,,,,,,,,
51,52,60.0,11,99679799.0,1477375796.0,25/10/2016,09:39:56,31.896661600000005,54.3700216,0.0,49.0,B,17.0,12.780257,,,,,,,,,,,
52,53,60.0,11,99680757.0,1477375934.0,25/10/2016,09:42:14,31.9025516,54.373916599999994,5.0,51.0,B,19.0,14.338135000000001,,,,,,,,,,,
53,54,60.0,11,99681850.0,1477376099.0,25/10/2016,09:44:59,31.9087283,54.3781166,12.0,53.0,B,21.0,26.675821000000003,,,,,,,,,,,
54,55,60.0,11,99682296.0,1477376159.0,25/10/2016,09:45:59,31.910886600000005,54.379631599999996,0.0,54.0,B,22.0,9.004913,,,,,,,,,,,
55,56,60.0,11,99682719.0,1477376219.0,25/10/2016,09:46:59,31.913245,54.381205,0.0,55.0,B,23.0,33.65137,,,,,,,,,,,
56,57,60.0,11,99684389.0,1477376466.0,25/10/2016,09:51:06,31.9181516,54.38432660000001,0.0,1.0,B,24.0,25.843655,,,,,,,,,,,
57,58,60.0,11,99699422.0,1477378684.0,25/10/2016,10:28:04,31.86392,54.331075,2.0,8.0,B,1.0,5.961079,,,,,,,,,,,
58,59,60.0,11,99701275.0,1477378974.0,25/10/2016,10:32:54,31.8741016,54.3289483,26.0,36.0,B,4.0,64.03438,,,,,,,,,,,
59,60,60.0,11,99701899.0,1477379059.0,25/10/2016,10:34:19,31.876371600000002,54.33234,5.0,37.0,B,5.0,47.17239,,,,,,,,,,,
60,61,60.0,11,99702458.0,1477379137.0,25/10/2016,10:35:37,31.879215000000002,54.336123300000004,0.0,38.0,B,6.0,15.089741,,,,,,,,,,,
61,62,60.0,11,99703418.0,1477379272.0,25/10/2016,10:37:52,31.884005,54.344646600000004,15.0,40.0,B,8.0,15.213734,,,,,,,,,,,
62,63,60.0,11,99704209.0,1477379349.0,25/10/2016,10:39:09,31.8859016,54.350391599999995,39.0,42.0,B,10.0,82.611946,,,,,,,,,,,
63,64,60.0,11,99704345.0,1477379409.0,25/10/2016,10:40:09,31.88702,54.3549566,9.0,43.0,B,11.0,54.669697,,,,,,,,,,,
64,65,60.0,11,99705379.0,1477379576.0,25/10/2016,10:42:56,31.8873216,54.35785500000001,0.0,44.0,B,12.0,18.959715,,,,,,,,,,,
65,66,60.0,11,99705878.0,1477379636.0,25/10/2016,10:43:56,31.8875583,54.36055329999999,10.0,45.0,B,13.0,67.27534,,,,,,,,,,,
66,67,60.0,11,99706194.0,1477379696.0,25/10/2016,10:44:56,31.887725,54.362528299999994,7.0,46.0,B,14.0,75.36464000000001,,,,,,,,,,,
67,68,60.0,11,99707080.0,1477379824.0,25/10/2016,10:47:04,31.890145,54.365534999999994,25.0,47.0,B,15.0,83.66657,,,,,,,,,,,
68,69,60.0,11,99707510.0,1477379884.0,25/10/2016,10:48:04,31.893586600000003,54.3678316,9.0,48.0,B,16.0,15.933945999999999,,,,,,,,,,,
69,70,60.0,11,99708849.0,1477380064.0,25/10/2016,10:51:04,31.897091600000003,54.37023829999999,22.0,49.0,B,17.0,64.1334,,,,,,,,,,,
70,71,60.0,11,99710025.0,1477380244.0,25/10/2016,10:54:04,31.9082733,54.377835,6.0,53.0,B,21.0,35.28181,,,,,,,,,,,
71,72,60.0,11,99711353.0,1477380424.0,25/10/2016,10:57:04,31.9136016,54.3815216,16.0,55.0,B,23.0,18.98679,,,,,,,,,,,
72,73,60.0,11,99713147.0,1477380699.0,25/10/2016,11:01:39,31.918238300000002,54.38414,0.0,1.0,B,24.0,9.466061,,,,,,,,,,,
73,74,60.0,11,99729583.0,1477383118.0,25/10/2016,11:41:58,31.8634716,54.331103299999995,5.0,8.0,B,1.0,43.948845,,,,,,,,,,,
74,75,60.0,11,99730439.0,1477383240.0,25/10/2016,11:44:00,31.8702333,54.332359999999994,25.0,35.0,B,3.0,72.88563,,,,,,,,,,,
75,76,60.0,11,99730839.0,1477383300.0,25/10/2016,11:45:00,31.874109999999998,54.32896160000001,28.0,36.0,B,4.0,63.891376,,,,,,,,,,,
76,77,60.0,11,99731102.0,1477383339.0,25/10/2016,11:45:39,31.8759383,54.3318716,25.0,37.0,B,5.0,32.35268,,,,,,,,,,,
77,78,60.0,11,99731531.0,1477383398.0,25/10/2016,11:46:38,31.8793933,54.33643000000001,23.0,38.0,B,6.0,40.895846999999996,,,,,,,,,,,
78,79,60.0,11,99731943.0,1477383455.0,25/10/2016,11:47:35,31.8817966,54.34025329999999,17.0,39.0,B,7.0,56.81151,,,,,,,,,,,
79,80,60.0,11,99732276.0,1477383499.0,25/10/2016,11:48:19,31.88363,54.3444083,15.0,40.0,B,8.0,36.129112,,,,,,,,,,,
80,81,60.0,11,99732736.0,1477383571.0,25/10/2016,11:49:31,31.884940000000004,54.347605,12.0,41.0,B,9.0,24.887363,,,,,,,,,,,
81,82,60.0,11,99733430.0,1477383666.0,25/10/2016,11:51:06,31.886911600000005,54.355095,17.0,43.0,B,11.0,61.90561999999999,,,,,,,,,,,
82,83,60.0,11,99734361.0,1477383798.0,25/10/2016,11:53:18,31.887240000000002,54.3578183,0.0,44.0,B,12.0,12.790196,,,,,,,,,,,
83,84,60.0,11,99734916.0,1477383873.0,25/10/2016,11:54:33,31.887641600000002,54.3610083,4.0,45.0,B,13.0,25.757328,,,,,,,,,,,
84,85,60.0,11,99735366.0,1477383933.0,25/10/2016,11:55:33,31.887833299999997,54.363440000000004,11.0,46.0,B,14.0,13.737554000000001,,,,,,,,,,,
85,86,60.0,11,99735779.0,1477383988.0,25/10/2016,11:56:28,31.8894566,54.3651983,5.0,47.0,B,15.0,0.95966184,,,,,,,,,,,
86,87,60.0,11,99737029.0,1477384168.0,25/10/2016,11:59:28,31.893655,54.3680816,7.0,48.0,B,16.0,21.247387,,,,,,,,,,,
87,88,60.0,11,99737919.0,1477384288.0,25/10/2016,12:01:28,31.8968683,54.37028660000001,15.0,49.0,B,17.0,44.17475,,,,,,,,,,,
88,89,60.0,11,99738292.0,1477384341.0,25/10/2016,12:02:21,31.89933,54.372319999999995,19.0,50.0,B,18.0,32.87815,,,,,,,,,,,
89,90,60.0,11,99738745.0,1477384402.0,25/10/2016,12:03:22,31.9023216,54.37402660000001,4.0,51.0,B,19.0,23.787453,,,,,,,,,,,
90,91,60.0,11,99739583.0,1477384521.0,25/10/2016,12:05:21,31.910390000000003,54.37937660000001,19.0,54.0,B,22.0,61.693084999999996,,,,,,,,,,,
91,92,60.0,11,99740314.0,1477384623.0,25/10/2016,12:07:03,31.9139016,54.3819216,16.0,55.0,B,23.0,66.39922,,,,,,,,,,,
92,93,60.0,11,99741414.0,1477384778.0,25/10/2016,12:09:38,31.9181983,54.384305000000005,0.0,1.0,B,24.0,20.738209,,,,,,,,,,,
93,94,60.0,11,99757501.0,1477387061.0,25/10/2016,12:47:41,31.863954999999997,54.3310733,0.0,8.0,B,1.0,9.809742,,,,,,,,,,,
94,95,60.0,11,99758996.0,1477387275.0,25/10/2016,12:51:15,31.8715233,54.331593299999994,34.0,35.0,B,3.0,88.8279,,,,,,,,,,,
95,96,60.0,11,99759234.0,1477387311.0,25/10/2016,12:51:51,31.874176600000002,54.3290833,25.0,36.0,B,4.0,63.36105,,,,,,,,,,,
96,97,60.0,11,99760821.0,1477387538.0,25/10/2016,12:55:38,31.883908299999998,54.344719999999995,15.0,40.0,B,8.0,21.097105,,,,,,,,,,,
97,98,60.0,11,99761842.0,1477387688.0,25/10/2016,12:58:08,31.886791600000002,54.354183299999995,17.0,43.0,B,11.0,26.861681,,,,,,,,,,,
98,99,60.0,11,99762640.0,1477387807.0,25/10/2016,13:00:07,31.8871983,54.35775,3.0,44.0,B,12.0,7.410359,,,,,,,,,,,
99,100,60.0,11,99763394.0,1477387913.0,25/10/2016,13:01:53,31.887843300000004,54.3642566,7.0,46.0,B,14.0,88.73527,,,,,,,,,,,
100,101,60.0,11,99764013.0,1477387997.0,25/10/2016,13:03:17,31.889490000000002,54.365305000000006,4.0,47.0,B,15.0,11.496184,,,,,,,,,,,
101,102,60.0,11,99764861.0,1477388110.0,25/10/2016,13:05:10,31.893711600000003,54.36816329999999,5.0,48.0,B,16.0,30.862564000000003,,,,,,,,,,,
102,103,60.0,11,99766135.0,1477388296.0,25/10/2016,13:08:16,31.896766600000003,54.3700466,12.0,49.0,B,17.0,24.615244,,,,,,,,,,,
103,104,60.0,11,99766754.0,1477388388.0,25/10/2016,13:09:48,31.899036600000002,54.371644999999994,5.0,50.0,B,18.0,65.58915999999999,,,,,,,,,,,
104,105,60.0,11,99767587.0,1477388509.0,25/10/2016,13:11:49,31.905146600000002,54.37575329999999,8.0,52.0,B,20.0,24.004246,,,,,,,,,,,
105,106,60.0,11,99768275.0,1477388615.0,25/10/2016,13:13:35,31.908416600000002,54.3780083,6.0,53.0,B,21.0,12.481672,,,,,,,,,,,
106,107,60.0,11,99768937.0,1477388719.0,25/10/2016,13:15:19,31.9139266,54.381834999999995,17.0,55.0,B,23.0,63.979009999999995,,,,,,,,,,,
107,108,60.0,11,99769819.0,1477388839.0,25/10/2016,13:17:19,31.918295,54.38441329999999,6.0,1.0,B,24.0,25.829933,,,,,,,,,,,
108,109,60.0,11,99815216.0,1477395357.0,25/10/2016,15:05:57,31.8639816,54.3310466,0.0,8.0,B,1.0,12.879907000000001,,,,,,,,,,,
109,110,60.0,11,99818256.0,1477395830.0,25/10/2016,15:13:50,31.874188300000004,54.32897,28.0,36.0,B,4.0,70.20061,,,,,,,,,,,
110,111,60.0,11,99818552.0,1477395875.0,25/10/2016,15:14:35,31.876109999999997,54.332048300000004,5.0,37.0,B,5.0,22.737576999999998,,,,,,,,,,,
111,112,60.0,11,99819300.0,1477395996.0,25/10/2016,15:16:36,31.8791,54.3360216,9.0,38.0,B,6.0,15.498968,,,,,,,,,,,
112,113,60.0,11,99820239.0,1477396133.0,25/10/2016,15:18:53,31.8839583,54.3443716,5.0,40.0,B,8.0,12.359371000000001,,,,,,,,,,,
113,114,60.0,11,99820865.0,1477396224.0,25/10/2016,15:20:24,31.885118300000002,54.3480466,9.0,41.0,B,9.0,70.38678,,,,,,,,,,,
114,115,60.0,11,99821274.0,1477396284.0,25/10/2016,15:21:24,31.8862533,54.351748300000004,18.0,42.0,B,10.0,58.57122,,,,,,,,,,,
115,116,60.0,11,99821705.0,1477396344.0,25/10/2016,15:22:24,31.886841600000004,54.354395,12.0,43.0,B,11.0,11.124665,,,,,,,,,,,
116,117,60.0,11,99822664.0,1477396487.0,25/10/2016,15:24:47,31.8878316,54.36294,7.0,46.0,B,14.0,37.204966999999996,,,,,,,,,,,
117,118,60.0,11,99823016.0,1477396537.0,25/10/2016,15:25:37,31.888796600000003,54.364619999999995,20.0,47.0,B,15.0,90.42305999999999,,,,,,,,,,,
118,119,60.0,11,99823819.0,1477396657.0,25/10/2016,15:27:37,31.8940016,54.3681866,24.0,48.0,B,16.0,60.244324,,,,,,,,,,,
119,120,60.0,11,99824179.0,1477396717.0,25/10/2016,15:28:37,31.896586600000003,54.369975,13.0,49.0,B,17.0,5.583423000000001,,,,,,,,,,,
120,121,60.0,11,99825163.0,1477396861.0,25/10/2016,15:31:01,31.9057316,54.376116599999996,41.0,52.0,B,20.0,52.139687,,,,,,,,,,,
121,122,60.0,11,99825541.0,1477396921.0,25/10/2016,15:32:01,31.908596600000003,54.3781083,7.0,53.0,B,21.0,12.067876,,,,,,,,,,,
122,123,60.0,11,99825968.0,1477396982.0,25/10/2016,15:33:02,31.910888300000003,54.379630000000006,1.0,54.0,B,22.0,9.207523,,,,,,,,,,,
123,124,60.0,11,99826421.0,1477397044.0,25/10/2016,15:34:04,31.9135566,54.381451600000005,22.0,55.0,B,23.0,13.997157999999999,,,,,,,,,,,
124,125,60.0,11,99827484.0,1477397198.0,25/10/2016,15:36:38,31.9181783,54.38427660000001,0.0,1.0,B,24.0,20.522501000000002,,,,,,,,,,,
125,126,60.0,11,99842671.0,1477399437.0,25/10/2016,16:13:57,31.863925,54.3309966,0.0,8.0,B,1.0,9.259347,,,,,,,,,,,
126,127,60.0,11,99846326.0,1477399975.0,25/10/2016,16:22:55,31.871434999999998,54.3315816,33.0,35.0,B,3.0,81.52516999999999,,,,,,,,,,,
127,128,60.0,11,99846623.0,1477400017.0,25/10/2016,16:23:37,31.874116600000004,54.328990000000005,22.0,36.0,B,4.0,62.728730000000006,,,,,,,,,,,
128,129,60.0,11,99846912.0,1477400065.0,25/10/2016,16:24:25,31.875943300000003,54.331984999999996,9.0,37.0,B,5.0,21.613039999999998,,,,,,,,,,,
129,130,60.0,11,99848167.0,1477400262.0,25/10/2016,16:27:42,31.882371600000003,54.34082829999999,6.0,39.0,B,7.0,27.128061,,,,,,,,,,,
130,131,60.0,11,99848558.0,1477400323.0,25/10/2016,16:28:43,31.88399,54.34428829999999,4.0,40.0,B,8.0,20.74708,,,,,,,,,,,
131,132,60.0,11,99848933.0,1477400384.0,25/10/2016,16:29:44,31.884795,54.3472083,13.0,41.0,B,9.0,19.187765,,,,,,,,,,,
132,133,60.0,11,99849279.0,1477400444.0,25/10/2016,16:30:44,31.885841600000003,54.3505683,36.0,42.0,B,10.0,66.48595,,,,,,,,,,,
133,134,60.0,11,99849688.0,1477400504.0,25/10/2016,16:31:44,31.8868483,54.354459999999996,0.0,43.0,B,11.0,9.69693,,,,,,,,,,,
134,135,60.0,11,99850715.0,1477400651.0,25/10/2016,16:34:11,31.8873216,54.3576733,4.0,44.0,B,12.0,9.828207,,,,,,,,,,,
135,136,60.0,11,99851541.0,1477400771.0,25/10/2016,16:36:11,31.8878283,54.36363660000001,15.0,46.0,B,14.0,30.568154999999997,,,,,,,,,,,
136,137,60.0,11,99852020.0,1477400840.0,25/10/2016,16:37:20,31.88948,54.365165000000005,5.0,47.0,B,15.0,4.358146700000001,,,,,,,,,,,
137,138,60.0,11,99852947.0,1477400976.0,25/10/2016,16:39:36,31.893734999999996,54.36802660000001,14.0,48.0,B,16.0,27.474228000000004,,,,,,,,,,,
138,139,60.0,11,99853883.0,1477401121.0,25/10/2016,16:42:01,31.896608299999997,54.37005,10.0,49.0,B,17.0,7.7633185,,,,,,,,,,,
139,140,60.0,11,99854391.0,1477401201.0,25/10/2016,16:43:21,31.8992333,54.3720283,6.0,50.0,B,18.0,31.492846999999998,,,,,,,,,,,
140,141,60.0,11,99855599.0,1477401381.0,25/10/2016,16:46:21,31.908511600000004,54.3781483,0.0,53.0,B,21.0,4.4431853,,,,,,,,,,,
141,142,60.0,11,99856146.0,1477401459.0,25/10/2016,16:47:39,31.9112666,54.3800066,27.0,54.0,B,22.0,52.32498,,,,,,,,,,,
142,143,60.0,11,99856583.0,1477401519.0,25/10/2016,16:48:39,31.913854999999998,54.381795,23.0,55.0,B,23.0,55.236259999999994,,,,,,,,,,,
143,144,60.0,11,99858413.0,1477401778.0,25/10/2016,16:52:58,31.918416600000004,54.384093299999996,11.0,1.0,B,24.0,11.299657,,,,,,,,,,,
144,145,60.0,11,99873262.0,1477403963.0,25/10/2016,17:29:23,31.863971600000003,54.3310466,0.0,8.0,B,1.0,11.784313000000001,,,,,,,,,,,
145,146,60.0,11,99874855.0,1477404204.0,25/10/2016,17:33:24,31.87088,54.33203,20.0,35.0,B,3.0,8.2158575,,,,,,,,,,,
146,147,60.0,11,99875256.0,1477404259.0,25/10/2016,17:34:19,31.874155,54.32905,21.0,36.0,B,4.0,62.896209999999996,,,,,,,,,,,
147,148,60.0,11,99875674.0,1477404314.0,25/10/2016,17:35:14,31.8759933,54.3320583,9.0,37.0,B,5.0,15.046071,,,,,,,,,,,
148,149,60.0,11,99876521.0,1477404435.0,25/10/2016,17:37:15,31.8788716,54.33578000000001,14.0,38.0,B,6.0,45.29631,,,,,,,,,,,
149,150,60.0,11,99877275.0,1477404555.0,25/10/2016,17:39:15,31.882341600000004,54.340941599999994,17.0,39.0,B,7.0,32.514435,,,,,,,,,,,
150,151,60.0,11,99877667.0,1477404615.0,25/10/2016,17:40:15,31.8839,54.344305000000006,0.0,40.0,B,8.0,19.27175,,,,,,,,,,,
151,152,60.0,11,99878219.0,1477404690.0,25/10/2016,17:41:30,31.8847016,54.3468983,30.0,41.0,B,9.0,49.450534999999995,,,,,,,,,,,
152,153,60.0,11,99878612.0,1477404750.0,25/10/2016,17:42:30,31.886055,54.3519316,24.0,42.0,B,10.0,64.77788000000001,,,,,,,,,,,
153,154,60.0,11,99879020.0,1477404810.0,25/10/2016,17:43:30,31.8867816,54.354490000000006,0.0,43.0,B,11.0,3.295907,,,,,,,,,,,
154,155,60.0,11,99879919.0,1477404942.0,25/10/2016,17:45:42,31.8872833,54.357806599999996,6.0,44.0,B,12.0,12.909187,,,,,,,,,,,
155,156,60.0,11,99880488.0,1477405028.0,25/10/2016,17:47:08,31.887711600000003,54.3613066,7.0,45.0,B,13.0,16.985037,,,,,,,,,,,
156,157,60.0,11,99880678.0,1477405063.0,25/10/2016,17:47:43,31.88778,54.3627966,11.0,46.0,B,14.0,49.94247,,,,,,,,,,,
157,158,60.0,11,99881461.0,1477405189.0,25/10/2016,17:49:49,31.889409999999998,54.365175,1.0,47.0,B,15.0,4.664375,,,,,,,,,,,
158,159,60.0,11,99882539.0,1477405335.0,25/10/2016,17:52:15,31.89402,54.3682483,0.0,48.0,B,16.0,64.40047,,,,,,,,,,,
159,160,60.0,11,99883584.0,1477405497.0,25/10/2016,17:54:57,31.896665000000002,54.37006829999999,0.0,49.0,B,17.0,14.19365,,,,,,,,,,,
160,161,60.0,11,99884434.0,1477405624.0,25/10/2016,17:57:04,31.899804999999997,54.3720666,16.0,50.0,B,18.0,32.00565,,,,,,,,,,,
161,162,60.0,11,99884789.0,1477405684.0,25/10/2016,17:58:04,31.902613300000002,54.373999999999995,0.0,51.0,B,19.0,10.876319,,,,,,,,,,,
162,163,60.0,11,99885301.0,1477405763.0,25/10/2016,17:59:23,31.905645,54.376315000000005,0.0,52.0,B,20.0,52.91404,,,,,,,,,,,
163,164,60.0,11,99885688.0,1477405823.0,25/10/2016,18:00:23,31.9082483,54.378001600000005,0.0,53.0,B,21.0,28.48381,,,,,,,,,,,
164,165,60.0,11,99886176.0,1477405893.0,25/10/2016,18:01:33,31.9108683,54.37965,7.0,54.0,B,22.0,6.872665400000001,,,,,,,,,,,
165,166,60.0,11,99886549.0,1477405953.0,25/10/2016,18:02:33,31.9135466,54.381425,2.0,55.0,B,23.0,13.7319355,,,,,,,,,,,
166,167,60.0,11,99887171.0,1477406047.0,25/10/2016,18:04:07,31.9182716,54.3842566,6.0,1.0,B,24.0,12.257331,,,,,,,,,,,
167,168,60.0,11,99901921.0,1477408260.0,25/10/2016,18:41:00,31.8639183,54.3310433,0.0,8.0,B,1.0,6.132679,,,,,,,,,,,
168,169,60.0,11,99903246.0,1477408460.0,25/10/2016,18:44:20,31.871525,54.331511600000006,39.0,35.0,B,3.0,93.47180999999999,,,,,,,,,,,
169,170,60.0,11,99903448.0,1477408495.0,25/10/2016,18:44:55,31.8741983,54.328945,24.0,36.0,B,4.0,72.496925,,,,,,,,,,,
170,171,60.0,11,99903837.0,1477408548.0,25/10/2016,18:45:48,31.876198300000002,54.332201600000005,7.0,37.0,B,5.0,26.408834000000002,,,,,,,,,,,
171,172,60.0,11,99904251.0,1477408610.0,25/10/2016,18:46:50,31.8787233,54.3354233,22.0,38.0,B,6.0,82.71681,,,,,,,,,,,
172,173,60.0,11,99905343.0,1477408771.0,25/10/2016,18:49:31,31.8840016,54.3445716,14.0,40.0,B,8.0,9.060878,,,,,,,,,,,
173,174,60.0,11,99905638.0,1477408820.0,25/10/2016,18:50:20,31.8846166,54.346776600000005,15.0,41.0,B,9.0,62.97048,,,,,,,,,,,
174,175,60.0,11,99906470.0,1477408940.0,25/10/2016,18:52:20,31.8866983,54.354125,7.0,43.0,B,11.0,32.903304999999996,,,,,,,,,,,
175,176,60.0,11,99907272.0,1477409060.0,25/10/2016,18:54:20,31.887285,54.358019999999996,6.0,44.0,B,12.0,32.36188,,,,,,,,,,,
176,177,60.0,11,99907948.0,1477409157.0,25/10/2016,18:55:57,31.8876233,54.3626616,13.0,46.0,B,14.0,64.43808,,,,,,,,,,,
177,178,60.0,11,99908913.0,1477409302.0,25/10/2016,18:58:22,31.8896816,54.3653166,12.0,47.0,B,15.0,28.300666999999997,,,,,,,,,,,
178,179,60.0,11,99909341.0,1477409362.0,25/10/2016,18:59:22,31.893075,54.367594999999994,21.0,48.0,B,16.0,57.879417000000004,,,,,,,,,,,
179,180,60.0,11,99910552.0,1477409542.0,25/10/2016,19:02:22,31.89661,54.369955000000004,0.0,49.0,B,17.0,8.7939825,,,,,,,,,,,
180,181,60.0,11,99911945.0,1477409738.0,25/10/2016,19:05:38,31.902385,54.373858299999995,35.0,51.0,B,19.0,25.674854,,,,,,,,,,,
181,182,60.0,11,99912364.0,1477409798.0,25/10/2016,19:06:38,31.9053733,54.3759083,1.0,52.0,B,20.0,10.722859,,,,,,,,,,,
182,183,60.0,11,99912802.0,1477409858.0,25/10/2016,19:07:38,31.907854999999998,54.3775233,16.0,53.0,B,21.0,89.48985,,,,,,,,,,,
183,184,60.0,11,99913620.0,1477409978.0,25/10/2016,19:09:38,31.913835,54.38161160000001,22.0,55.0,B,23.0,46.138428000000005,,,,,,,,,,,
184,185,60.0,11,99914552.0,1477410113.0,25/10/2016,19:11:53,31.918141600000002,54.3842866,0.0,1.0,B,24.0,24.368729000000002,,,,,,,,,,,
185,186,60.0,11,99929984.0,1477412402.0,25/10/2016,19:50:02,31.8639,54.33106329999999,0.0,8.0,B,1.0,3.704709,,,,,,,,,,,
186,187,60.0,11,99931508.0,1477412628.0,25/10/2016,19:53:48,31.8740533,54.3289733,25.0,36.0,B,4.0,58.515614,,,,,,,,,,,
187,188,60.0,11,99931824.0,1477412676.0,25/10/2016,19:54:36,31.875705,54.331805,16.0,37.0,B,5.0,47.838764000000005,,,,,,,,,,,
188,189,60.0,11,99933052.0,1477412856.0,25/10/2016,19:57:36,31.8824733,54.34096329999999,20.0,39.0,B,7.0,43.91332,,,,,,,,,,,
189,190,60.0,11,99933404.0,1477412911.0,25/10/2016,19:58:31,31.8839,54.344680000000004,12.0,40.0,B,8.0,17.647382999999998,,,,,,,,,,,
190,191,60.0,11,99934404.0,1477413063.0,25/10/2016,20:01:03,31.8862,54.351986600000004,20.0,42.0,B,10.0,74.87565,,,,,,,,,,,
191,192,60.0,11,99934813.0,1477413123.0,25/10/2016,20:02:03,31.8869333,54.35483829999999,19.0,43.0,B,11.0,40.161495,,,,,,,,,,,
192,193,60.0,11,99935192.0,1477413181.0,25/10/2016,20:03:01,31.887255,54.3573933,5.0,44.0,B,12.0,27.544067,,,,,,,,,,,
193,194,60.0,11,99936275.0,1477413341.0,25/10/2016,20:05:41,31.887884999999997,54.362851600000006,20.0,46.0,B,14.0,46.821236,,,,,,,,,,,
194,195,60.0,11,99937130.0,1477413464.0,25/10/2016,20:07:44,31.88966,54.36522829999999,12.0,47.0,B,15.0,23.625006,,,,,,,,,,,
195,196,60.0,11,99937482.0,1477413525.0,25/10/2016,20:08:45,31.8936583,54.367934999999996,7.0,48.0,B,16.0,18.396427,,,,,,,,,,,
196,197,60.0,11,99938191.0,1477413623.0,25/10/2016,20:10:23,31.8959966,54.3696616,0.0,49.0,B,17.0,69.37739,,,,,,,,,,,
197,198,60.0,11,99938969.0,1477413743.0,25/10/2016,20:12:23,31.902253299999998,54.3738233,40.0,51.0,B,19.0,38.658671999999996,,,,,,,,,,,
198,199,60.0,11,99939400.0,1477413803.0,25/10/2016,20:13:23,31.9053,54.3759366,6.0,52.0,B,20.0,2.2368956,,,,,,,,,,,
199,200,60.0,11,99939835.0,1477413871.0,25/10/2016,20:14:31,31.90853,54.3781233,12.0,53.0,B,21.0,4.834588500000001,,,,,,,,,,,
200,201,60.0,11,99940244.0,1477413931.0,25/10/2016,20:15:31,31.911186600000004,54.3799066,23.0,54.0,B,22.0,40.01231,,,,,,,,,,,
201,202,60.0,11,99940641.0,1477413986.0,25/10/2016,20:16:26,31.913854999999998,54.381853299999996,13.0,55.0,B,23.0,58.360363,,,,,,,,,,,
202,203,60.0,11,99942339.0,1477414244.0,25/10/2016,20:20:44,31.918218300000003,54.38398829999999,11.0,1.0,B,24.0,18.667747,,,,,,,,,,,
1,2,,11,,,,,,,,,B,,,65.0,99614049.0,1477366348.0,10/25/2016,7:02:28,31.8838533,54.3443733,5.0,40.0,8.0,15.893167000000002
2,3,,11,,,,,,,,,B,,,65.0,99615468.0,1477366541.0,10/25/2016,7:05:41,31.8869283,54.355366599999996,22.0,43.0,11.0,87.299995
3,4,,11,,,,,,,,,B,,,65.0,99616051.0,1477366623.0,10/25/2016,7:07:03,31.8875266,54.36030329999999,23.0,45.0,13.0,91.0138
4,5,,11,,,,,,,,,B,,,65.0,99616489.0,1477366683.0,10/25/2016,7:08:03,31.8877683,54.36346329999999,9.0,46.0,14.0,13.228904
5,6,,11,,,,,,,,,B,,,65.0,99616727.0,1477366720.0,10/25/2016,7:08:40,31.8887466,54.36469159999999,17.0,47.0,15.0,91.21547
6,7,,11,,,,,,,,,B,,,65.0,99617617.0,1477366843.0,10/25/2016,7:10:43,31.893465000000003,54.3678233,5.0,48.0,16.0,13.337923000000002
7,8,,11,,,,,,,,,B,,,65.0,99619733.0,1477367143.0,10/25/2016,7:15:43,31.908788300000005,54.37826329999999,42.0,53.0,21.0,36.32118
8,9,,11,,,,,,,,,B,,,65.0,99620419.0,1477367238.0,10/25/2016,7:17:18,31.913984999999997,54.38186329999999,17.0,55.0,23.0,70.91155
9,10,,11,,,,,,,,,B,,,65.0,99623156.0,1477367619.0,10/25/2016,7:23:39,31.918366600000002,54.384275,0.0,1.0,24.0,13.427064000000001
10,11,,11,,,,,,,,,B,,,65.0,99638343.0,1477369799.0,10/25/2016,7:59:59,31.863863300000002,54.3310416,1.0,8.0,1.0,2.4020674
11,12,,11,,,,,,,,,B,,,65.0,99642212.0,1477370314.0,10/25/2016,8:08:34,31.874161600000004,54.3289516,28.0,36.0,4.0,68.895065
12,13,,11,,,,,,,,,B,,,65.0,99642387.0,1477370351.0,10/25/2016,8:09:11,31.8759716,54.33205329999999,21.0,37.0,5.0,15.119782999999998
13,14,,11,,,,,,,,,B,,,65.0,99643424.0,1477370505.0,10/25/2016,8:11:45,31.882581599999998,54.341136600000006,36.0,39.0,7.0,63.881355000000006
14,15,,11,,,,,,,,,B,,,65.0,99643846.0,1477370565.0,10/25/2016,8:12:45,31.884168300000002,54.3446216,11.0,40.0,8.0,27.146620000000002
15,16,,11,,,,,,,,,B,,,65.0,99644108.0,1477370609.0,10/25/2016,8:13:29,31.884735,54.34664,12.0,41.0,9.0,73.182045
16,17,,11,,,,,,,,,B,,,65.0,99644928.0,1477370729.0,10/25/2016,8:15:29,31.8868266,54.354403299999994,6.0,43.0,11.0,9.327417
17,18,,11,,,,,,,,,B,,,65.0,99645671.0,1477370830.0,10/25/2016,8:17:10,31.88745,54.358373300000004,24.0,44.0,12.0,69.55586
18,19,,11,,,,,,,,,B,,,65.0,99646105.0,1477370890.0,10/25/2016,8:18:10,31.88768,54.3609716,3.0,45.0,13.0,30.599806
19,20,,11,,,,,,,,,B,,,65.0,99646546.0,1477370950.0,10/25/2016,8:19:10,31.887903299999998,54.36361329999999,15.0,46.0,14.0,31.718014
20,21,,11,,,,,,,,,B,,,65.0,99647062.0,1477371026.0,10/25/2016,8:20:26,31.890138300000004,54.36563829999999,12.0,47.0,15.0,87.25368
21,22,,11,,,,,,,,,B,,,65.0,99647507.0,1477371088.0,10/25/2016,8:21:28,31.8935533,54.367835,1.0,48.0,16.0,13.557457000000001
22,23,,11,,,,,,,,,B,,,65.0,99648754.0,1477371268.0,10/25/2016,8:24:28,31.899984999999997,54.372184999999995,22.0,50.0,18.0,53.47371999999999
23,24,,11,,,,,,,,,B,,,65.0,99649177.0,1477371328.0,10/25/2016,8:25:28,31.902804999999997,54.37416329999999,20.0,51.0,19.0,31.474852000000002
24,25,,11,,,,,,,,,B,,,65.0,99650699.0,1477371541.0,10/25/2016,8:29:01,31.913986600000005,54.38186999999999,16.0,55.0,23.0,71.3867
25,26,,11,,,,,,,,,B,,,65.0,99655124.0,1477372169.0,10/25/2016,8:39:29,31.9182033,54.3842,1.0,1.0,24.0,14.418660000000001
26,27,,11,,,,,,,,,B,,,65.0,99667742.0,1477374032.0,10/25/2016,9:10:32,31.863809999999997,54.3310466,0.0,8.0,1.0,6.569051299999999
27,28,,11,,,,,,,,,B,,,65.0,99670644.0,1477374463.0,10/25/2016,9:17:43,31.87159,54.33152,38.0,35.0,3.0,98.8393
28,29,,11,,,,,,,,,B,,,65.0,99670917.0,1477374499.0,10/25/2016,9:18:19,31.874195,54.32891,27.0,36.0,4.0,74.24811600000001
29,30,,11,,,,,,,,,B,,,65.0,99671508.0,1477374534.0,10/25/2016,9:18:54,31.8759966,54.33193829999999,26.0,37.0,5.0,26.259265999999997
30,31,,11,,,,,,,,,B,,,65.0,99671565.0,1477374594.0,10/25/2016,9:19:54,31.879036600000003,54.33602,27.0,38.0,6.0,16.672121
31,32,,11,,,,,,,,,B,,,65.0,99672755.0,1477374767.0,10/25/2016,9:22:47,31.884175,54.3449083,15.0,40.0,8.0,46.11598
32,33,,11,,,,,,,,,B,,,65.0,99673308.0,1477374846.0,10/25/2016,9:24:06,31.8850216,54.3478,21.0,41.0,9.0,44.978764
33,34,,11,,,,,,,,,B,,,65.0,99673760.0,1477374906.0,10/25/2016,9:25:06,31.886345000000002,54.351986600000004,19.0,42.0,10.0,82.76208000000001
34,35,,11,,,,,,,,,B,,,65.0,99674041.0,1477374948.0,10/25/2016,9:25:48,31.8870483,54.3549666,14.0,43.0,11.0,57.16477
35,36,,11,,,,,,,,,B,,,65.0,99674651.0,1477375040.0,10/25/2016,9:27:20,31.8873533,54.3576466,0.0,44.0,12.0,13.743929000000001
36,37,,11,,,,,,,,,B,,,65.0,99675429.0,1477375160.0,10/25/2016,9:29:20,31.887748300000002,54.36108829999999,3.0,45.0,13.0,26.475422
37,38,,11,,,,,,,,,B,,,65.0,99675839.0,1477375220.0,10/25/2016,9:30:20,31.887940000000004,54.3632833,9.0,46.0,14.0,20.447132
38,39,,11,,,,,,,,,B,,,65.0,99676534.0,1477375323.0,10/25/2016,9:32:03,31.8897816,54.36531,0.0,47.0,15.0,38.491695
39,40,,11,,,,,,,,,B,,,65.0,99677268.0,1477375424.0,10/25/2016,9:33:44,31.893423300000002,54.367835,5.0,48.0,16.0,14.190245999999998
40,41,,11,,,,,,,,,B,,,65.0,99678019.0,1477375531.0,10/25/2016,9:35:31,31.8966033,54.369921600000005,5.0,49.0,17.0,10.531694
41,42,,11,,,,,,,,,B,,,65.0,99678563.0,1477375609.0,10/25/2016,9:36:49,31.899595,54.3719183,19.0,50.0,18.0,15.18454
42,43,,11,,,,,,,,,B,,,65.0,99678948.0,1477375669.0,10/25/2016,9:37:49,31.903143300000004,54.37413660000001,27.0,51.0,19.0,67.95345999999999
43,44,,11,,,,,,,,,B,,,65.0,99680420.0,1477375891.0,10/25/2016,9:41:31,31.9139066,54.38192829999999,12.0,55.0,23.0,67.22795
44,45,,11,,,,,,,,,B,,,65.0,99683565.0,1477376348.0,10/25/2016,9:49:08,31.918255,54.3842833,0.0,1.0,24.0,15.357942999999999
45,46,,11,,,,,,,,,B,,,65.0,99697060.0,1477378339.0,10/25/2016,10:22:19,31.863888300000003,54.33103829999999,0.0,8.0,1.0,3.5965624
46,47,,11,,,,,,,,,B,,,65.0,99700654.0,1477378877.0,10/25/2016,10:31:17,31.8738683,54.329063299999994,43.0,36.0,4.0,38.765
47,48,,11,,,,,,,,,B,,,65.0,99700914.0,1477378919.0,10/25/2016,10:31:59,31.876063300000002,54.332085,5.0,37.0,5.0,16.614565
48,49,,11,,,,,,,,,B,,,65.0,99701557.0,1477379009.0,10/25/2016,10:33:29,31.8794466,54.336501600000005,20.0,38.0,6.0,49.6553
49,50,,11,,,,,,,,,B,,,65.0,99701978.0,1477379069.0,10/25/2016,10:34:29,31.881916600000004,54.3402683,33.0,39.0,7.0,46.745117
50,51,,11,,,,,,,,,B,,,65.0,99702753.0,1477379174.0,10/25/2016,10:36:14,31.884085,54.34509499999999,16.0,40.0,8.0,58.235603000000005
51,52,,11,,,,,,,,,B,,,65.0,99703695.0,1477379310.0,10/25/2016,10:38:30,31.886683299999998,54.353865,26.0,43.0,11.0,57.4093
52,53,,11,,,,,,,,,B,,,65.0,99705022.0,1477379520.0,10/25/2016,10:42:00,31.887296600000003,54.3578166,5.0,44.0,12.0,14.426046
53,54,,11,,,,,,,,,B,,,65.0,99705915.0,1477379655.0,10/25/2016,10:44:15,31.887661600000005,54.3617,26.0,45.0,13.0,42.647255
54,55,,11,,,,,,,,,B,,,65.0,99706317.0,1477379715.0,10/25/2016,10:45:15,31.8878816,54.364206599999996,7.0,46.0,14.0,84.61111
55,56,,11,,,,,,,,,B,,,65.0,99706843.0,1477379790.0,10/25/2016,10:46:30,31.8898333,54.3652966,5.0,47.0,15.0,43.713985
56,57,,11,,,,,,,,,B,,,65.0,99707244.0,1477379850.0,10/25/2016,10:47:30,31.893485,54.367818299999996,15.0,48.0,16.0,13.458551000000002
57,58,,11,,,,,,,,,B,,,65.0,99708185.0,1477379976.0,10/25/2016,10:49:36,31.896593300000003,54.36987,7.0,49.0,17.0,14.304523000000001
58,59,,11,,,,,,,,,B,,,65.0,99708624.0,1477380036.0,10/25/2016,10:50:36,31.898918300000002,54.37156329999999,14.0,50.0,18.0,80.762726
59,60,,11,,,,,,,,,B,,,65.0,99709047.0,1477380096.0,10/25/2016,10:51:36,31.902355,54.3737866,27.0,51.0,19.0,33.061896999999995
60,61,,11,,,,,,,,,B,,,65.0,99710219.0,1477380276.0,10/25/2016,10:54:36,31.908693300000003,54.378115,10.0,53.0,21.0,22.792579999999997
61,62,,11,,,,,,,,,B,,,65.0,99710617.0,1477380336.0,10/25/2016,10:55:36,31.911623300000002,54.38016999999999,27.0,54.0,22.0,94.46210500000001
62,63,,11,,,,,,,,,B,,,65.0,99711007.0,1477380386.0,10/25/2016,10:56:26,31.91396,54.381755000000005,16.0,55.0,23.0,63.77182
63,64,,11,,,,,,,,,B,,,65.0,99712320.0,1477380580.0,10/25/2016,10:59:40,31.918206599999998,54.38421999999999,0.0,1.0,24.0,14.916482
64,65,,11,,,,,,,,,B,,,65.0,99725048.0,1477382447.0,10/25/2016,11:30:47,31.8638666,54.33107,0.0,8.0,1.0,0.31574807
65,66,,11,,,,,,,,,B,,,65.0,99728310.0,1477382927.0,10/25/2016,11:38:47,31.874163300000003,54.32892,25.0,36.0,4.0,70.93936
66,67,,11,,,,,,,,,B,,,65.0,99729202.0,1477382971.0,10/25/2016,11:39:31,31.876116600000003,54.3320066,12.0,37.0,5.0,26.077454
67,68,,11,,,,,,,,,B,,,65.0,99729204.0,1477383056.0,10/25/2016,11:40:56,31.8791,54.336228299999995,0.0,38.0,6.0,4.264489
68,69,,11,,,,,,,,,B,,,65.0,99730211.0,1477383208.0,10/25/2016,11:43:28,31.883996600000003,54.3451983,16.0,40.0,8.0,66.1704
69,70,,11,,,,,,,,,B,,,65.0,99730606.0,1477383266.0,10/25/2016,11:44:26,31.8847416,54.3474716,5.0,41.0,9.0,7.740298299999999
70,71,,11,,,,,,,,,B,,,65.0,99730993.0,1477383328.0,10/25/2016,11:45:28,31.8861433,54.351985,27.0,42.0,10.0,72.3891
71,72,,11,,,,,,,,,B,,,65.0,99731465.0,1477383388.0,10/25/2016,11:46:28,31.8869516,54.35480329999999,16.0,43.0,11.0,38.362159999999996
72,73,,11,,,,,,,,,B,,,65.0,99732226.0,1477383492.0,10/25/2016,11:48:12,31.8874283,54.357730000000004,6.0,44.0,12.0,22.060032
73,74,,11,,,,,,,,,B,,,65.0,99732859.0,1477383586.0,10/25/2016,11:49:46,31.887813300000005,54.361326600000005,11.0,45.0,13.0,28.402355
74,75,,11,,,,,,,,,B,,,65.0,99733304.0,1477383646.0,10/25/2016,11:50:46,31.887975,54.363735,20.0,46.0,14.0,45.68266
75,76,,11,,,,,,,,,B,,,65.0,99733719.0,1477383705.0,10/25/2016,11:51:45,31.889291600000004,54.3651833,5.0,47.0,15.0,17.483206
76,77,,11,,,,,,,,,B,,,65.0,99735016.0,1477383885.0,10/25/2016,11:54:45,31.893404999999998,54.3680733,5.0,48.0,16.0,14.540861999999999
77,78,,11,,,,,,,,,B,,,65.0,99735925.0,1477384012.0,10/25/2016,11:56:52,31.8964716,54.36995,0.0,49.0,17.0,10.131333999999999
78,79,,11,,,,,,,,,B,,,65.0,99736784.0,1477384133.0,10/25/2016,11:58:53,31.899545,54.3719733,0.0,50.0,18.0,7.9045296
79,80,,11,,,,,,,,,B,,,65.0,99737299.0,1477384208.0,10/25/2016,12:00:08,31.902545,54.3740166,7.0,51.0,19.0,4.9078965
80,81,,11,,,,,,,,,B,,,65.0,99737924.0,1477384288.0,10/25/2016,12:01:28,31.9052783,54.375901600000006,5.0,52.0,20.0,4.6126059999999995
81,82,,11,,,,,,,,,B,,,65.0,99738327.0,1477384348.0,10/25/2016,12:02:28,31.908336600000005,54.37791329999999,20.0,53.0,21.0,25.080524
82,83,,11,,,,,,,,,B,,,65.0,99738777.0,1477384408.0,10/25/2016,12:03:28,31.910213300000002,54.3792,25.0,54.0,22.0,87.24301
83,84,,11,,,,,,,,,B,,,65.0,99739228.0,1477384468.0,10/25/2016,12:04:28,31.9131983,54.38126329999999,34.0,55.0,23.0,33.392876
84,85,,11,,,,,,,,,B,,,65.0,99740235.0,1477384612.0,10/25/2016,12:06:52,31.9181783,54.38433829999999,0.0,1.0,24.0,24.566338000000002
85,86,,11,,,,,,,,,B,,,65.0,99756163.0,1477386875.0,10/25/2016,12:44:35,31.863891600000002,54.3310416,0.0,8.0,1.0,3.6389365
86,87,,11,,,,,,,,,B,,,65.0,99757546.0,1477387067.0,10/25/2016,12:47:47,31.873411600000004,54.3295566,42.0,36.0,4.0,32.584187
87,88,,11,,,,,,,,,B,,,65.0,99757990.0,1477387131.0,10/25/2016,12:48:51,31.876015000000002,54.3322233,7.0,37.0,5.0,6.148137
88,89,,11,,,,,,,,,B,,,65.0,99758584.0,1477387210.0,10/25/2016,12:50:10,31.879083299999998,54.3363416,1.0,38.0,6.0,14.838204000000001
89,90,,11,,,,,,,,,B,,,65.0,99759958.0,1477387420.0,10/25/2016,12:53:40,31.8840266,54.34503829999999,12.0,40.0,8.0,51.57458
90,91,,11,,,,,,,,,B,,,65.0,99760259.0,1477387458.0,10/25/2016,12:54:18,31.8845016,54.34681,25.0,41.0,9.0,65.1504
91,92,,11,,,,,,,,,B,,,65.0,99760679.0,1477387518.0,10/25/2016,12:55:18,31.885713300000003,54.3505483,22.0,42.0,10.0,71.65937
92,93,,11,,,,,,,,,B,,,65.0,99761271.0,1477387606.0,10/25/2016,12:56:46,31.886783299999998,54.3543366,6.0,43.0,11.0,12.392564
93,94,,11,,,,,,,,,B,,,65.0,99762043.0,1477387718.0,10/25/2016,12:58:38,31.8873216,54.3581816,12.0,44.0,12.0,48.14468
94,95,,11,,,,,,,,,B,,,65.0,99762462.0,1477387778.0,10/25/2016,12:59:38,31.887584999999998,54.361059999999995,10.0,45.0,13.0,19.492727
95,96,,11,,,,,,,,,B,,,65.0,99763036.0,1477387863.0,10/25/2016,13:01:03,31.88767,54.36310160000001,5.0,46.0,14.0,23.226906
96,97,,11,,,,,,,,,B,,,65.0,99763867.0,1477387978.0,10/25/2016,13:02:58,31.8895483,54.365083299999995,1.0,47.0,15.0,15.152320000000001
97,98,,11,,,,,,,,,B,,,65.0,99764336.0,1477388041.0,10/25/2016,13:04:01,31.893316600000002,54.36766329999999,23.0,48.0,16.0,34.27678
98,99,,11,,,,,,,,,B,,,65.0,99765904.0,1477388262.0,10/25/2016,13:07:42,31.8966,54.37000329999999,4.0,49.0,17.0,5.955076999999999
99,100,,11,,,,,,,,,B,,,65.0,99766561.0,1477388357.0,10/25/2016,13:09:17,31.899581599999998,54.3720966,7.0,50.0,18.0,8.438392
100,101,,11,,,,,,,,,B,,,65.0,99766955.0,1477388417.0,10/25/2016,13:10:17,31.902143300000002,54.373703299999995,3.0,51.0,19.0,55.248264
101,102,,11,,,,,,,,,B,,,65.0,99768153.0,1477388597.0,10/25/2016,13:13:17,31.9085,54.37811,6.0,53.0,21.0,1.3554353000000001
102,103,,11,,,,,,,,,B,,,65.0,99768854.0,1477388707.0,10/25/2016,13:15:07,31.913829999999997,54.3817966,20.0,55.0,23.0,52.995059999999995
103,104,,11,,,,,,,,,B,,,65.0,99770601.0,1477388952.0,10/25/2016,13:19:12,31.918248300000002,54.38430329999999,0.0,1.0,24.0,17.371485
104,105,,11,,,,,,,,,B,,,65.0,99784445.0,1477390911.0,10/25/2016,13:51:51,31.863913300000004,54.3310816,1.0,8.0,1.0,5.3555794
105,106,,11,,,,,,,,,B,,,65.0,99787464.0,1477391340.0,10/25/2016,13:59:00,31.871146600000003,54.331880000000005,54.0,35.0,3.0,39.025974
106,107,,11,,,,,,,,,B,,,65.0,99787698.0,1477391372.0,10/25/2016,13:59:32,31.874238300000002,54.3289733,30.0,36.0,4.0,74.59101
107,108,,11,,,,,,,,,B,,,65.0,99788177.0,1477391426.0,10/25/2016,14:00:26,31.87619,54.33230329999999,19.0,37.0,5.0,26.876862
108,109,,11,,,,,,,,,B,,,65.0,99788334.0,1477391472.0,10/25/2016,14:01:12,31.8790266,54.3361666,5.0,38.0,6.0,7.18647
109,110,,11,,,,,,,,,B,,,65.0,99788775.0,1477391540.0,10/25/2016,14:02:20,31.882005,54.3402966,26.0,39.0,7.0,39.13273
110,111,,11,,,,,,,,,B,,,65.0,99789186.0,1477391600.0,10/25/2016,14:03:20,31.883936600000006,54.344358299999996,12.0,40.0,8.0,13.582007
111,112,,11,,,,,,,,,B,,,65.0,99789651.0,1477391660.0,10/25/2016,14:04:20,31.8849983,54.3477566,21.0,41.0,9.0,40.134434000000006
112,113,,11,,,,,,,,,B,,,65.0,99790492.0,1477391770.0,10/25/2016,14:06:10,31.8869316,54.3551966,17.0,43.0,11.0,71.76120999999999
113,114,,11,,,,,,,,,B,,,65.0,99790783.0,1477391810.0,10/25/2016,14:06:50,31.8872783,54.3575466,0.0,44.0,12.0,13.861857
114,115,,11,,,,,,,,,B,,,65.0,99791371.0,1477391896.0,10/25/2016,14:08:16,31.88771,54.36252660000001,33.0,46.0,14.0,75.62626999999999
115,116,,11,,,,,,,,,B,,,65.0,99791890.0,1477391976.0,10/25/2016,14:09:36,31.889559999999996,54.3652466,6.0,47.0,15.0,13.294885
116,117,,11,,,,,,,,,B,,,65.0,99793269.0,1477392179.0,10/25/2016,14:12:59,31.893929999999997,54.3683833,17.0,48.0,16.0,62.782993000000005
117,118,,11,,,,,,,,,B,,,65.0,99793781.0,1477392254.0,10/25/2016,14:14:14,31.897216600000004,54.370291599999995,19.0,49.0,17.0,78.88233000000001
118,119,,11,,,,,,,,,B,,,65.0,99794116.0,1477392305.0,10/25/2016,14:15:05,31.8998466,54.37192660000001,8.0,50.0,18.0,38.397263
119,120,,11,,,,,,,,,B,,,65.0,99794640.0,1477392379.0,10/25/2016,14:16:19,31.90304,54.3740733,5.0,51.0,19.0,56.179768
120,121,,11,,,,,,,,,B,,,65.0,99794996.0,1477392426.0,10/25/2016,14:17:06,31.9053033,54.37581329999999,9.0,52.0,20.0,13.117769000000001
121,122,,11,,,,,,,,,B,,,65.0,99795521.0,1477392502.0,10/25/2016,14:18:22,31.908545,54.3780483,1.0,53.0,21.0,8.653869
122,123,,11,,,,,,,,,B,,,65.0,99795912.0,1477392552.0,10/25/2016,14:19:12,31.9107816,54.379725,5.0,54.0,22.0,8.898515
123,124,,11,,,,,,,,,B,,,65.0,99796208.0,1477392595.0,10/25/2016,14:19:55,31.9131516,54.3813683,6.0,55.0,23.0,33.10718
124,125,,11,,,,,,,,,B,,,65.0,99799779.0,1477393113.0,10/25/2016,14:28:33,31.918225,54.384265,0.0,1.0,24.0,15.949854
125,126,,11,,,,,,,,,B,,,65.0,99814818.0,1477395296.0,10/25/2016,15:04:56,31.863840000000003,54.33100329999999,0.0,8.0,1.0,6.6881824000000005
126,127,,11,,,,,,,,,B,,,65.0,99816287.0,1477395518.0,10/25/2016,15:08:38,31.8741233,54.328953299999995,26.0,36.0,4.0,65.52041
127,128,,11,,,,,,,,,B,,,65.0,99816637.0,1477395560.0,10/25/2016,15:09:20,31.876054999999997,54.332038299999994,9.0,37.0,5.0,19.546167
128,129,,11,,,,,,,,,B,,,65.0,99817687.0,1477395740.0,10/25/2016,15:12:20,31.882566600000004,54.34117,33.0,39.0,7.0,65.02350600000001
129,130,,11,,,,,,,,,B,,,65.0,99817970.0,1477395782.0,10/25/2016,15:13:02,31.8839633,54.34512660000001,23.0,40.0,8.0,59.17945
130,131,,11,,,,,,,,,B,,,65.0,99818191.0,1477395821.0,10/25/2016,15:13:41,31.884991600000003,54.34800500000001,22.0,41.0,9.0,60.548424
131,132,,11,,,,,,,,,B,,,65.0,99818716.0,1477395902.0,10/25/2016,15:15:02,31.8869766,54.354459999999996,5.0,43.0,11.0,23.916748000000002
132,133,,11,,,,,,,,,B,,,65.0,99819113.0,1477395965.0,10/25/2016,15:16:05,31.887261600000002,54.3576066,5.0,44.0,12.0,7.9052196
133,134,,11,,,,,,,,,B,,,65.0,99819727.0,1477396055.0,10/25/2016,15:17:35,31.887729999999998,54.3612833,5.0,45.0,13.0,18.635057
134,135,,11,,,,,,,,,B,,,65.0,99820113.0,1477396115.0,10/25/2016,15:18:35,31.88788,54.3636483,16.0,46.0,14.0,33.499924
135,136,,11,,,,,,,,,B,,,65.0,99820764.0,1477396208.0,10/25/2016,15:20:08,31.8896,54.3652083,0.0,47.0,15.0,16.799149
136,137,,11,,,,,,,,,B,,,65.0,99822885.0,1477396519.0,10/25/2016,15:25:19,31.90495,54.375626600000004,32.0,52.0,20.0,47.982376
137,138,,11,,,,,,,,,B,,,65.0,99823293.0,1477396580.0,10/25/2016,15:26:20,31.908515,54.3780983,0.0,53.0,21.0,3.2316802000000004
138,139,,11,,,,,,,,,B,,,65.0,99824273.0,1477396732.0,10/25/2016,15:28:52,31.9139083,54.381901600000006,18.0,55.0,23.0,65.8294
139,140,,11,,,,,,,,,B,,,65.0,99826689.0,1477397079.0,10/25/2016,15:34:39,31.9183016,54.3842833,0.0,1.0,24.0,13.561048499999998
140,141,,11,,,,,,,,,B,,,65.0,99839959.0,1477399017.0,10/25/2016,16:06:57,31.863871600000003,54.3310683,0.0,8.0,1.0,0.5635008
141,142,,11,,,,,,,,,B,,,65.0,99844189.0,1477399663.0,10/25/2016,16:17:43,31.874295,54.3289,23.0,36.0,4.0,83.68319
142,143,,11,,,,,,,,,B,,,65.0,99844653.0,1477399727.0,10/25/2016,16:18:47,31.8762583,54.33225,12.0,37.0,5.0,33.231094
143,144,,11,,,,,,,,,B,,,65.0,99845040.0,1477399787.0,10/25/2016,16:19:47,31.87945,54.33644,17.0,38.0,6.0,46.69443
144,145,,11,,,,,,,,,B,,,65.0,99845447.0,1477399847.0,10/25/2016,16:20:47,31.8820766,54.3404816,21.0,39.0,7.0,20.010424
145,146,,11,,,,,,,,,B,,,65.0,99845874.0,1477399907.0,10/25/2016,16:21:47,31.883940000000003,54.344201600000005,28.0,40.0,8.0,28.375528000000003
146,147,,11,,,,,,,,,B,,,65.0,99846966.0,1477400074.0,10/25/2016,16:24:34,31.8862466,54.35191329999999,23.0,42.0,10.0,71.06282
147,148,,11,,,,,,,,,B,,,65.0,99847244.0,1477400117.0,10/25/2016,16:25:17,31.886975,54.355115000000005,17.0,43.0,11.0,65.92237
148,149,,11,,,,,,,,,B,,,65.0,99847672.0,1477400188.0,10/25/2016,16:26:28,31.887325,54.357685,0.0,44.0,12.0,10.160503
149,150,,11,,,,,,,,,B,,,65.0,99848551.0,1477400322.0,10/25/2016,16:28:42,31.8876783,54.362235,21.0,45.0,13.0,92.71915
150,151,,11,,,,,,,,,B,,,65.0,99849102.0,1477400414.0,10/25/2016,16:30:14,31.8891716,54.364915,6.0,47.0,15.0,40.496414
151,152,,11,,,,,,,,,B,,,65.0,99849899.0,1477400534.0,10/25/2016,16:32:14,31.893659999999997,54.3679066,5.0,48.0,16.0,19.114523000000002
152,153,,11,,,,,,,,,B,,,65.0,99850735.0,1477400652.0,10/25/2016,16:34:12,31.89655,54.369975,5.0,49.0,17.0,3.4252790999999996
153,154,,11,,,,,,,,,B,,,65.0,99851205.0,1477400718.0,10/25/2016,16:35:18,31.8995216,54.372040000000005,7.0,50.0,18.0,1.0902728000000002
154,155,,11,,,,,,,,,B,,,65.0,99851735.0,1477400801.0,10/25/2016,16:36:41,31.9024216,54.3741066,4.0,51.0,19.0,12.9579315
155,156,,11,,,,,,,,,B,,,65.0,99852230.0,1477400870.0,10/25/2016,16:37:50,31.905379999999997,54.375943299999996,14.0,52.0,20.0,10.732700999999999
156,157,,11,,,,,,,,,B,,,65.0,99852771.0,1477400950.0,10/25/2016,16:39:10,31.908459999999998,54.378119999999996,5.0,53.0,21.0,3.2086419999999998
157,158,,11,,,,,,,,,B,,,65.0,99853160.0,1477401010.0,10/25/2016,16:40:10,31.910961600000004,54.3796966,0.0,54.0,22.0,11.327717
158,159,,11,,,,,,,,,B,,,65.0,99853646.0,1477401086.0,10/25/2016,16:41:26,31.9131466,54.3813083,6.0,55.0,23.0,35.87979
159,160,,11,,,,,,,,,B,,,65.0,99856890.0,1477401562.0,10/25/2016,16:49:22,31.91827,54.3843483,1.0,1.0,24.0,20.37412
160,161,,11,,,,,,,,,B,,,65.0,99869850.0,1477403458.0,10/25/2016,17:20:58,31.863895,54.33107,0.0,8.0,1.0,3.1523947999999997
161,162,,11,,,,,,,,,B,,,65.0,99872256.0,1477403809.0,10/25/2016,17:26:49,31.870068300000003,54.33243,24.0,35.0,3.0,92.34078000000001
162,163,,11,,,,,,,,,B,,,65.0,99872622.0,1477403869.0,10/25/2016,17:27:49,31.87433,54.3289233,25.0,36.0,4.0,85.704865
163,164,,11,,,,,,,,,B,,,65.0,99873040.0,1477403929.0,10/25/2016,17:28:49,31.8760216,54.332125,7.0,37.0,5.0,10.714199
164,165,,11,,,,,,,,,B,,,65.0,99873546.0,1477404007.0,10/25/2016,17:30:07,31.879118300000002,54.33612829999999,6.0,38.0,6.0,6.2392473
165,166,,11,,,,,,,,,B,,,65.0,99874370.0,1477404128.0,10/25/2016,17:32:08,31.884063300000005,54.3450533,19.0,40.0,8.0,53.809245999999995
166,167,,11,,,,,,,,,B,,,65.0,99874824.0,1477404198.0,10/25/2016,17:33:18,31.884748300000002,54.3474333,6.0,41.0,9.0,4.929151
167,168,,11,,,,,,,,,B,,,65.0,99875264.0,1477404258.0,10/25/2016,17:34:18,31.8859266,54.3511683,3.0,42.0,10.0,9.096718
168,169,,11,,,,,,,,,B,,,65.0,99875701.0,1477404318.0,10/25/2016,17:35:18,31.886841600000004,54.354383299999995,1.0,43.0,11.0,11.816628
169,170,,11,,,,,,,,,B,,,65.0,99876468.0,1477404426.0,10/25/2016,17:37:06,31.8873316,54.358236600000005,12.0,44.0,12.0,53.464912
170,171,,11,,,,,,,,,B,,,65.0,99876885.0,1477404491.0,10/25/2016,17:38:11,31.887629999999998,54.361225,5.0,45.0,13.0,8.338695
171,172,,11,,,,,,,,,B,,,65.0,99877301.0,1477404558.0,10/25/2016,17:39:18,31.8877733,54.36335,5.0,46.0,14.0,2.9408867
172,173,,11,,,,,,,,,B,,,65.0,99878076.0,1477404669.0,10/25/2016,17:41:09,31.889813300000004,54.365153299999996,2.0,47.0,15.0,40.568940000000005
173,174,,11,,,,,,,,,B,,,65.0,99878957.0,1477404801.0,10/25/2016,17:43:21,31.893935,54.3681483,16.0,48.0,16.0,52.059265
174,175,,11,,,,,,,,,B,,,65.0,99879804.0,1477404921.0,10/25/2016,17:45:21,31.8966283,54.3698866,5.0,49.0,17.0,14.844671
175,176,,11,,,,,,,,,B,,,65.0,99880172.0,1477404981.0,10/25/2016,17:46:21,31.899323300000002,54.3716666,22.0,50.0,18.0,42.134457
176,177,,11,,,,,,,,,B,,,65.0,99880976.0,1477405101.0,10/25/2016,17:48:21,31.904943300000003,54.37555160000001,25.0,52.0,20.0,53.311825
177,178,,11,,,,,,,,,B,,,65.0,99881440.0,1477405161.0,10/25/2016,17:49:21,31.9084016,54.37795,5.0,53.0,21.0,17.94051
178,179,,11,,,,,,,,,B,,,65.0,99881726.0,1477405221.0,10/25/2016,17:50:21,31.9108233,54.37962660000001,5.0,54.0,22.0,10.005523
179,180,,11,,,,,,,,,B,,,65.0,99882493.0,1477405327.0,10/25/2016,17:52:07,31.913706599999998,54.38156,7.0,55.0,23.0,31.135233000000003
180,181,,11,,,,,,,,,B,,,65.0,99884431.0,1477405623.0,10/25/2016,17:57:03,31.9183316,54.38417,0.0,1.0,24.0,2.7676249
181,182,,11,,,,,,,,,B,,,65.0,99899426.0,1477407888.0,10/25/2016,18:34:48,31.863888300000003,54.33104,0.0,8.0,1.0,3.478139
182,183,,11,,,,,,,,,B,,,65.0,99900608.0,1477408063.0,10/25/2016,18:37:43,31.870991600000004,54.3319716,28.0,35.0,3.0,20.096348000000003
183,184,,11,,,,,,,,,B,,,65.0,99901009.0,1477408121.0,10/25/2016,18:38:41,31.87422,54.328928299999994,24.0,36.0,4.0,75.37012
184,185,,11,,,,,,,,,B,,,65.0,99901425.0,1477408162.0,10/25/2016,18:39:22,31.87599,54.33211,13.0,37.0,5.0,10.245982000000001
185,186,,11,,,,,,,,,B,,,65.0,99902603.0,1477408359.0,10/25/2016,18:42:39,31.882154999999997,54.34066329999999,0.0,39.0,7.0,2.0784990000000003
186,187,,11,,,,,,,,,B,,,65.0,99903058.0,1477408429.0,10/25/2016,18:43:49,31.883983299999997,54.34451,5.0,40.0,8.0,4.2161136
187,188,,11,,,,,,,,,B,,,65.0,99903360.0,1477408476.0,10/25/2016,18:44:36,31.8846816,54.3466166,29.0,41.0,9.0,76.08382399999999
188,189,,11,,,,,,,,,B,,,65.0,99904064.0,1477408581.0,10/25/2016,18:46:21,31.8859766,54.35136329999999,7.0,42.0,10.0,11.0356045
189,190,,11,,,,,,,,,B,,,65.0,99904507.0,1477408646.0,10/25/2016,18:47:26,31.886763300000002,54.35501,12.0,43.0,11.0,51.56816
190,191,,11,,,,,,,,,B,,,65.0,99904833.0,1477408695.0,10/25/2016,18:48:15,31.8871016,54.357344999999995,16.0,44.0,12.0,35.186768
191,192,,11,,,,,,,,,B,,,65.0,99905622.0,1477408815.0,10/25/2016,18:50:15,31.887620000000002,54.36133829999999,1.0,45.0,13.0,9.447588
192,193,,11,,,,,,,,,B,,,65.0,99906540.0,1477408953.0,10/25/2016,18:52:33,31.889645,54.365305000000006,1.0,47.0,15.0,24.159887
193,194,,11,,,,,,,,,B,,,65.0,99907739.0,1477409130.0,10/25/2016,18:55:30,31.893555,54.3678816,5.0,48.0,16.0,10.066811
194,195,,11,,,,,,,,,B,,,65.0,99908577.0,1477409253.0,10/25/2016,18:57:33,31.896596600000002,54.36991,0.0,49.0,17.0,11.0412035
195,196,,11,,,,,,,,,B,,,65.0,99909808.0,1477409433.0,10/25/2016,19:00:33,31.903113300000005,54.37438,27.0,51.0,19.0,70.80608000000001
196,197,,11,,,,,,,,,B,,,65.0,99910127.0,1477409482.0,10/25/2016,19:01:22,31.905366600000004,54.3759916,5.0,52.0,20.0,10.032065
197,198,,11,,,,,,,,,B,,,65.0,99910457.0,1477409528.0,10/25/2016,19:02:08,31.9082,54.3778066,25.0,53.0,21.0,42.950108
198,199,,11,,,,,,,,,B,,,65.0,99910918.0,1477409588.0,10/25/2016,19:03:08,31.9106,54.3793833,24.0,54.0,22.0,43.251762
199,200,,11,,,,,,,,,B,,,65.0,99911329.0,1477409648.0,10/25/2016,19:04:08,31.913171600000002,54.381130000000006,26.0,55.0,23.0,44.30948
200,201,,11,,,,,,,,,B,,,65.0,99912959.0,1477409880.0,10/25/2016,19:08:00,31.9181966,54.38425329999999,0.0,1.0,24.0,17.57108
201,202,,11,,,,,,,,,B,,,65.0,99927955.0,1477412096.0,10/25/2016,19:44:56,31.863888300000003,54.33106,1.0,8.0,1.0,2.4753711
202,203,,11,,,,,,,,,B,,,65.0,99929086.0,1477412269.0,10/25/2016,19:47:49,31.874163300000003,54.3288833,25.0,36.0,4.0,73.23380999999999
203,204,,11,,,,,,,,,B,,,65.0,99929687.0,1477412358.0,10/25/2016,19:49:18,31.8785783,54.335319999999996,34.0,38.0,6.0,99.55176
204,205,,11,,,,,,,,,B,,,65.0,99930753.0,1477412505.0,10/25/2016,19:51:45,31.884043300000002,54.345003299999995,18.0,40.0,8.0,48.693287
205,206,,11,,,,,,,,,B,,,65.0,99931008.0,1477412553.0,10/25/2016,19:52:33,31.885005,54.3481166,17.0,41.0,9.0,70.94773
206,207,,11,,,,,,,,,B,,,65.0,99931400.0,1477412613.0,10/25/2016,19:53:33,31.886048300000002,54.352261600000006,6.0,42.0,10.0,95.349434
207,208,,11,,,,,,,,,B,,,65.0,99931712.0,1477412659.0,10/25/2016,19:54:19,31.886888300000003,54.3551666,10.0,43.0,11.0,67.86854
208,209,,11,,,,,,,,,B,,,65.0,99932727.0,1477412807.0,10/25/2016,19:56:47,31.8872016,54.3577416,7.0,44.0,12.0,6.542713
209,210,,11,,,,,,,,,B,,,65.0,99933191.0,1477412878.0,10/25/2016,19:57:58,31.887468300000002,54.3604483,11.0,45.0,13.0,77.91409
210,211,,11,,,,,,,,,B,,,65.0,99933606.0,1477412938.0,10/25/2016,19:58:58,31.8878966,54.3641566,22.0,46.0,14.0,80.245735
211,212,,11,,,,,,,,,B,,,65.0,99934278.0,1477413045.0,10/25/2016,20:00:45,31.889613300000004,54.3652483,2.0,47.0,15.0,18.941233
212,213,,11,,,,,,,,,B,,,65.0,99934974.0,1477413147.0,10/25/2016,20:02:27,31.893590000000003,54.36793829999999,9.0,48.0,16.0,10.8671255
213,214,,11,,,,,,,,,B,,,65.0,99935776.0,1477413262.0,10/25/2016,20:04:22,31.896381599999998,54.369853299999995,6.0,49.0,17.0,23.615713
214,215,,11,,,,,,,,,B,,,65.0,99936416.0,1477413358.0,10/25/2016,20:05:58,31.8995,54.371930000000006,5.0,50.0,18.0,11.501638
215,216,,11,,,,,,,,,B,,,65.0,99936837.0,1477413418.0,10/25/2016,20:06:58,31.902751600000002,54.374140000000004,23.0,51.0,19.0,25.17172
216,217,,11,,,,,,,,,B,,,65.0,99938170.0,1477413619.0,10/25/2016,20:10:19,31.9133466,54.3813483,5.0,55.0,23.0,16.03727
217,218,,11,,,,,,,,,B,,,65.0,99939260.0,1477413781.0,10/25/2016,20:13:01,31.918333299999997,54.38425,1.0,1.0,24.0,10.245555
